,country,1980,1981,1982,1983,1984,1985,1986,1987,1988,1989,1990,1991,1992,1993,1994,1995,1996,1997,1998,1999,2000,2001,2002,2003,2004,2005,2006,2007,2008,2009,2010,2011,2012,2013,2014,2015,2016
0,Afghanistan,13248370.0,13053954.0,12749645.0,12389269.0,12047115.0,11783050.0,11601041.0,11502761.0,11540888.0,11777609.0,12249114.0,12993657.0,13981231.0,15095099.0,16172719.0,17099541.0,17822884.0,18381605.0,18863999.0,19403676.0,20093756.0,20966463.0,21979923.0,23064851.0,24118979.0,25070798.0,25893450.0,26616792.0,27294031.0,28004331.0,28803167.0,29708599.0,30696958.0,31731688.0,32758020.0,33736494.0,34656032.0
1,Angola,8929900.0,9244507.0,9582156.0,9931562.0,10277321.0,10609042.0,10921037.0,11218268.0,11513968.0,11827237.0,12171441.0,12553446.0,12968345.0,13403734.0,13841301.0,14268994.0,14682284.0,15088981.0,15504318.0,15949766.0,16440924.0,16983266.0,17572649.0,18203369.0,18865716.0,19552542.0,20262399.0,20997687.0,21759420.0,22549547.0,23369131.0,24218565.0,25096150.0,25998340.0,26920466.0,27859305.0,28813463.0
2,Albania,2671997.0,2726056.0,2784278.0,2843960.0,2904429.0,2964762.0,3022635.0,3083605.0,3142336.0,3227943.0,3286542.0,3266790.0,3247039.0,3227287.0,3207536.0,3187784.0,3168033.0,3148281.0,3128530.0,3108778.0,3089027.0,3060173.0,3051010.0,3039616.0,3026939.0,3011487.0,2992547.0,2970017.0,2947314.0,2927519.0,2913021.0,2905195.0,2900401.0,2895092.0,2889104.0,2880703.0,2876101.0
3,United Arab Emirates,1042384.0,1120900.0,1189545.0,1253060.0,1318478.0,1391052.0,1472218.0,1560718.0,1655849.0,1756043.0,1860174.0,1970026.0,2086639.0,2207405.0,2328686.0,2448820.0,2571020.0,2700010.0,2838145.0,2988162.0,3154925.0,3326032.0,3507232.0,3741932.0,4087931.0,4579562.0,5242032.0,6044067.0,6894278.0,7666393.0,8270684.0,8672475.0,8900453.0,9006263.0,9070867.0,9154302.0,9269612.0
4,Argentina,28105888.0,28543364.0,28993987.0,29454738.0,29920904.0,30388783.0,30857244.0,31326473.0,31795517.0,32263561.0,32729739.0,33193918.0,33655151.0,34110917.0,34558115.0,34994814.0,35419682.0,35833969.0,36241590.0,36648068.0,37057452.0,37471509.0,37889370.0,38309379.0,38728696.0,39145488.0,39558890.0,39970224.0,40382389.0,40799407.0,41223889.0,41656879.0,42096739.0,42539925.0,42981515.0,43417765.0,43847430.0
5,Armenia,3099751.0,3148092.0,3193686.0,3238594.0,3285595.0,3335935.0,3392256.0,3451942.0,3504651.0,3536469.0,3538165.0,3505251.0,3442810.0,3363098.0,3283660.0,3217342.0,3168215.0,3133086.0,3108684.0,3089017.0,3069588.0,3050655.0,3033897.0,3017806.0,3000612.0,2981259.0,2958500.0,2933056.0,2908220.0,2888584.0,2877311.0,2875581.0,2881922.0,2893509.0,2906220.0,2916950.0,2924816.0
6,Australia,14692000.0,14927000.0,15178000.0,15369000.0,15544000.0,15758000.0,16018400.0,16263900.0,16532200.0,16814400.0,17065100.0,17284000.0,17495000.0,17667000.0,17855000.0,18072000.0,18311000.0,18517000.0,18711000.0,18926000.0,19153000.0,19413000.0,19651400.0,19895400.0,20127400.0,20394800.0,20697900.0,20827600.0,21249200.0,21691700.0,22031750.0,22340024.0,22742475.0,23145901.0,23504138.0,23850784.0,24210809.0
7,Austria,7549433.0,7568710.0,7574140.0,7561910.0,7561434.0,7564985.0,7569794.0,7574586.0,7585317.0,7619567.0,7677850.0,7754891.0,7840709.0,7905633.0,7936118.0,7948278.0,7959017.0,7968041.0,7976789.0,7992324.0,8011566.0,8042293.0,8081957.0,8121423.0,8171966.0,8227829.0,8268641.0,8295487.0,8321496.0,8343323.0,8363404.0,8391643.0,8429991.0,8479375.0,8541575.0,8633169.0,8731471.0
8,Azerbaijan,6150738.0,6249320.0,6349558.0,6452076.0,6557585.0,6666455.0,6778633.0,6893500.0,7010036.0,7126891.0,7159000.0,7271000.0,7382000.0,7495000.0,7597000.0,7685000.0,7763000.0,7838250.0,7913000.0,7982750.0,8048600.0,8111200.0,8171950.0,8234100.0,8306500.0,8391850.0,8484550.0,8581300.0,8763400.0,8947243.0,9054332.0,9173082.0,9295784.0,9416801.0,9535079.0,9649341.0,9757812.0
9,Burundi,4116817.0,4223195.0,4333386.0,4448728.0,4571292.0,4702066.0,4841565.0,4987736.0,5135956.0,5280024.0,5415415.0,5542048.0,5661139.0,5771398.0,5871607.0,5962058.0,6041112.0,6112097.0,6186352.0,6278940.0,6400706.0,6555829.0,6741569.0,6953113.0,7182451.0,7423289.0,7675338.0,7939573.0,8212264.0,8489031.0,8766930.0,9043508.0,9319710.0,9600186.0,9891790.0,10199270.0,10524117.0
10,Belgium,9859242.0,9858982.0,9856303.0,9855520.0,9855372.0,9858308.0,9861823.0,9870234.0,9901664.0,9937697.0,9967379.0,10004486.0,10045158.0,10084475.0,10115603.0,10136811.0,10156637.0,10181245.0,10203008.0,10226419.0,10251250.0,10286570.0,10332785.0,10376133.0,10421137.0,10478617.0,10547958.0,10625700.0,10709973.0,10796493.0,10895586.0,11047744.0,11128246.0,11182817.0,11209057.0,11274196.0,11338476.0
11,Benin,3717165.0,3820128.0,3927714.0,4039949.0,4156819.0,4278501.0,4404506.0,4535263.0,4672852.0,4820016.0,4978496.0,5149499.0,5331803.0,5521763.0,5714220.0,5905558.0,6094259.0,6281639.0,6470265.0,6664098.0,6865951.0,7076733.0,7295394.0,7520555.0,7750004.0,7982225.0,8216896.0,8454791.0,8696916.0,8944706.0,9199259.0,9460802.0,9729160.0,10004451.0,10286712.0,10575952.0,10872298.0
12,Burkina Faso,6822843.0,6985160.0,7158255.0,7340905.0,7531242.0,7727907.0,7930694.0,8140073.0,8356305.0,8579823.0,8811034.0,9050084.0,9297113.0,9552476.0,9816588.0,10089878.0,10372745.0,10665546.0,10968724.0,11282701.0,11607942.0,11944587.0,12293100.0,12654621.0,13030569.0,13421930.0,13829177.0,14252021.0,14689726.0,15141099.0,15605217.0,16081904.0,16571216.0,17072723.0,17585977.0,18110624.0,18646433.0
13,Bangladesh,81470860.0,83721268.0,86007331.0,88338242.0,90732362.0,93199865.0,95742431.0,98343809.0,100975321.0,103599232.0,106188642.0,108727432.0,111221938.0,113695139.0,116182267.0,118706871.0,121269645.0,123854640.0,126447965.0,129029691.0,131581243.0,134107160.0,136600667.0,139019001.0,141307489.0,143431101.0,145368004.0,147139191.0,148805814.0,150454708.0,152149102.0,153911916.0,155727053.0,157571292.0,159405279.0,161200886.0,162951560.0
14,Bulgaria,8861535.0,8891117.0,8917457.0,8939738.0,8960679.0,8960547.0,8958171.0,8971359.0,8981446.0,8876972.0,8718289.0,8632367.0,8540164.0,8472313.0,8443591.0,8406067.0,8362826.0,8312068.0,8256786.0,8210624.0,8170172.0,8009142.0,7837161.0,7775327.0,7716860.0,7658972.0,7601022.0,7545338.0,7492561.0,7444443.0,7395599.0,7348328.0,7305888.0,7265115.0,7223938.0,7177991.0,7127822.0
15,The Bahamas,210661.0,215396.0,220275.0,225187.0,230015.0,234687.0,239131.0,243393.0,247579.0,251849.0,256336.0,261116.0,266134.0,271165.0,275895.0,280150.0,283790.0,286970.0,290060.0,293572.0,297890.0,303135.0,309157.0,315746.0,322526.0,329249.0,335830.0,342328.0,348676.0,354856.0,360832.0,366568.0,372039.0,377240.0,382169.0,386838.0,391232.0
16,Bosnia and Herzegovina,4179855.0,4222511.0,4265310.0,4308106.0,4350746.0,4392130.0,4435504.0,4478519.0,4508056.0,4506653.0,4463422.0,4371603.0,4239154.0,4087999.0,3948816.0,3843712.0,3780378.0,3752431.0,3750485.0,3759118.0,3766706.0,3771284.0,3775807.0,3779247.0,3781287.0,3781530.0,3779468.0,3774000.0,3763599.0,3746561.0,3722084.0,3688865.0,3648200.0,3604999.0,3566002.0,3535961.0,3516816.0
17,Belarus,9643000.0,9710000.0,9776000.0,9843000.0,9910000.0,9975000.0,10043000.0,10111000.0,10140000.0,10170000.0,10189000.0,10194000.0,10216000.0,10239000.0,10227000.0,10194000.0,10160000.0,10117000.0,10069000.0,10026738.0,9979610.0,9928549.0,9865548.0,9796749.0,9730146.0,9663915.0,9604924.0,9560953.0,9527985.0,9506765.0,9490583.0,9473172.0,9464495.0,9465997.0,9474511.0,9489616.0,9501534.0
18,Belize,144155.0,147566.0,151500.0,155822.0,160347.0,164921.0,169568.0,174320.0,179028.0,183469.0,187552.0,191126.0,194317.0,197616.0,201674.0,206963.0,213676.0,221606.0,230284.0,239026.0,247315.0,254984.0,262206.0,269130.0,276089.0,283277.0,290747.0,298407.0,306165.0,313929.0,321608.0,329192.0,336701.0,344181.0,351694.0,359288.0,366954.0
19,Bolivia,5589575.0,5711599.0,5835182.0,5959960.0,6085496.0,6211550.0,6337893.0,6464732.0,6592787.0,6723046.0,6856244.0,6992521.0,7131707.0,7273825.0,7418861.0,7566714.0,7717443.0,7870855.0,8026254.0,8182712.0,8339512.0,8496375.0,8653345.0,8810420.0,8967741.0,9125409.0,9283334.0,9441444.0,9599855.0,9758748.0,9918242.0,10078343.0,10239004.0,10400264.0,10562159.0,10724705.0,10887882.0
20,Brazil,121159761.0,124030908.0,126947365.0,129882321.0,132800684.0,135676281.0,138499464.0,141273488.0,144001542.0,146691981.0,149352145.0,151976577.0,154564278.0,157132682.0,159705123.0,162296612.0,164913306.0,167545164.0,170170640.0,172759243.0,175287587.0,177750670.0,180151021.0,182482149.0,184738458.0,186917361.0,189012412.0,191026637.0,192979029.0,194895996.0,196796269.0,198686688.0,200560983.0,202408632.0,204213133.0,205962108.0,207652865.0
21,Brunei,193949.0,200085.0,206128.0,212136.0,218227.0,224512.0,230972.0,237622.0,244458.0,251514.0,258785.0,266274.0,273963.0,281751.0,289525.0,297192.0,304699.0,312038.0,319222.0,326289.0,333241.0,340117.0,346867.0,353389.0,359523.0,365158.0,370250.0,374864.0,379252.0,383772.0,388662.0,394013.0,399748.0,405716.0,411704.0,417542.0,423196.0
22,Bhutan,409172.0,420380.0,431050.0,441847.0,453720.0,467178.0,482952.0,500437.0,517273.0,530257.0,537280.0,537284.0,531525.0,523117.0,516503.0,514877.0,519282.0,528754.0,542155.0,557543.0,573416.0,589600.0,606399.0,623434.0,640282.0,656639.0,672228.0,686958.0,700950.0,714458.0,727641.0,740510.0,752967.0,764961.0,776448.0,787386.0,797765.0
23,Botswana,1001158.0,1038397.0,1075889.0,1113539.0,1151292.0,1189114.0,1226810.0,1264314.0,1301818.0,1339624.0,1377912.0,1416731.0,1455833.0,1494693.0,1532622.0,1569094.0,1604060.0,1637635.0,1669625.0,1699862.0,1728340.0,1754935.0,1779953.0,1804339.0,1829330.0,1855852.0,1884238.0,1914414.0,1946351.0,1979882.0,2014866.0,2051339.0,2089315.0,2128507.0,2168573.0,2209197.0,2250260.0
24,Central African Republic,2279821.0,2346797.0,2418844.0,2493135.0,2565803.0,2634232.0,2696982.0,2755244.0,2812244.0,2872668.0,2939780.0,3014624.0,3095807.0,3181222.0,3267670.0,3352767.0,3435821.0,3517309.0,3597385.0,3676508.0,3754986.0,3832203.0,3907612.0,3981665.0,4055036.0,4127910.0,4201758.0,4275800.0,4345386.0,4404230.0,4448525.0,4476153.0,4490416.0,4499653.0,4515392.0,4546100.0,4594621.0
25,Canada,24593000.0,24900000.0,25202000.0,25456000.0,25702000.0,25942000.0,26204000.0,26550000.0,26895000.0,27379000.0,27791000.0,28171682.0,28519597.0,28833410.0,29111906.0,29354000.0,29671900.0,29987200.0,30247900.0,30499200.0,30769700.0,31081900.0,31362000.0,31676000.0,31995000.0,32312000.0,32570505.0,32887928.0,33245773.0,33628571.0,34005274.0,34342780.0,34750545.0,35152370.0,35535348.0,35832513.0,36264604.0
26,Switzerland,6319408.0,6354074.0,6391309.0,6418773.0,6441865.0,6470365.0,6504124.0,6545106.0,6593386.0,6646912.0,6715519.0,6799978.0,6875364.0,6938265.0,6993795.0,7040687.0,7071850.0,7088906.0,7110001.0,7143991.0,7184250.0,7229854.0,7284753.0,7339001.0,7389625.0,7437115.0,7483934.0,7551117.0,7647675.0,7743831.0,7824909.0,7912398.0,7996861.0,8089346.0,8188649.0,8282396.0,8372413.0
27,Chile,11266226.0,11439144.0,11615836.0,11797534.0,11985658.0,12181028.0,12384108.0,12594145.0,12809025.0,13025797.0,13242132.0,13457244.0,13671033.0,13882668.0,14091389.0,14296613.0,14497826.0,14694835.0,14887756.0,15076952.0,15262754.0,15444969.0,15623635.0,15799542.0,15973778.0,16147064.0,16319792.0,16491687.0,16661942.0,16829442.0,16993354.0,17153357.0,17309746.0,17462982.0,17613798.0,17762681.0,17909754.0
28,China,981235000.0,993885000.0,1008630000.0,1023310000.0,1036825000.0,1051040000.0,1066790000.0,1084035000.0,1101630000.0,1118650000.0,1135185000.0,1150780000.0,1164970000.0,1178440000.0,1191835000.0,1204855000.0,1217550000.0,1230075000.0,1241935000.0,1252735000.0,1262645000.0,1271850000.0,1280400000.0,1288400000.0,1296075000.0,1303720000.0,1311020000.0,1317885000.0,1324655000.0,1331260000.0,1337705000.0,1344130000.0,1350695000.0,1357380000.0,1364270000.0,1371220000.0,1378665000.0
29,Ivory Coast,8293675.0,8664057.0,9044473.0,9432731.0,9826055.0,10222558.0,10620267.0,11019651.0,11424260.0,11839243.0,12267754.0,12710008.0,13163019.0,13622731.0,14083611.0,14540820.0,14995249.0,15445986.0,15884552.0,16300233.0,16686561.0,17040152.0,17366517.0,17679355.0,17997738.0,18336303.0,18699435.0,19085941.0,19497986.0,19936366.0,20401331.0,20895311.0,21418603.0,21966312.0,22531350.0,23108472.0,23695919.0
30,Cameroon,8618354.0,8883016.0,9158566.0,9445003.0,9742263.0,10050023.0,10368300.0,10696274.0,11031817.0,11372160.0,11715218.0,12060729.0,12408931.0,12758881.0,13109660.0,13460994.0,13812472.0,14165423.0,14523570.0,14891891.0,15274234.0,15671927.0,16084886.0,16513822.0,16959081.0,17420795.0,17899562.0,18395389.0,18907008.0,19432541.0,19970495.0,20520447.0,21082383.0,21655715.0,22239904.0,22834522.0,23439189.0
31,Democratic Republic of the Congo,26357462.0,27039468.0,27717337.0,28404876.0,29121474.0,29883446.0,30685824.0,31529823.0,32444156.0,33465441.0,34614581.0,35914825.0,37346147.0,38833595.0,40273701.0,41595744.0,42770544.0,43830146.0,44840529.0,45898667.0,47076387.0,48394338.0,49835756.0,51390033.0,53034217.0,54751476.0,56543011.0,58417562.0,60373608.0,62409435.0,64523263.0,66713597.0,68978682.0,71316033.0,73722860.0,76196619.0,78736153.0
32,Colombia,27737900.0,28375991.0,29027162.0,29687094.0,30350086.0,31011688.0,31669776.0,32324325.0,32975535.0,33624444.0,34271565.0,34916766.0,35558682.0,36195168.0,36823537.0,37441977.0,38049038.0,38645411.0,39234062.0,39819279.0,40403958.0,40988909.0,41572491.0,42152151.0,42724163.0,43285634.0,43835722.0,44374572.0,44901544.0,45416181.0,45918097.0,46406646.0,46881475.0,47342981.0,47791911.0,48228697.0,48653419.0
33,Costa Rica,2389310.0,2454129.0,2521168.0,2589930.0,2659781.0,2730233.0,2800986.0,2872211.0,2944557.0,3018955.0,3095995.0,3175649.0,3257466.0,3341004.0,3425690.0,3510926.0,3596732.0,3682725.0,3767373.0,3848723.0,3925443.0,3996798.0,4063204.0,4125971.0,4187038.0,4247841.0,4308794.0,4369469.0,4429508.0,4488263.0,4545280.0,4600474.0,4654122.0,4706401.0,4757575.0,4807852.0,4857274.0
34,Cuba,9835177.0,9884213.0,9925623.0,9966733.0,10017059.0,10082989.0,10168087.0,10269567.0,10379548.0,10486509.0,10582081.0,10663585.0,10733363.0,10794135.0,10850585.0,10906043.0,10961012.0,11013983.0,11064097.0,11110004.0,11150736.0,11186542.0,11217998.0,11244885.0,11266941.0,11284253.0,11296233.0,11303687.0,11309754.0,11318602.0,11333051.0,11354651.0,11382146.0,11412167.0,11439767.0,11461432.0,11475982.0
35,Cyprus,685406.0,689173.0,691702.0,694077.0,697717.0,703687.0,712341.0,723380.0,736479.0,751044.0,766614.0,783129.0,800609.0,818751.0,837110.0,855384.0,873423.0,891192.0,908704.0,926050.0,943286.0,960282.0,976966.0,993563.0,1010410.0,1027658.0,1045509.0,1063712.0,1081563.0,1098076.0,1112607.0,1124835.0,1135062.0,1143896.0,1152309.0,1160985.0,1170125.0
36,Czech Republic,10304193.0,10300591.0,10314826.0,10323856.0,10330213.0,10337118.0,10342227.0,10347318.0,10355276.0,10361068.0,10333355.0,10308578.0,10319123.0,10329855.0,10333587.0,10327253.0,10315241.0,10304131.0,10294373.0,10283860.0,10255063.0,10216605.0,10196916.0,10193998.0,10197101.0,10211216.0,10238905.0,10298828.0,10384603.0,10443936.0,10474410.0,10496088.0,10510785.0,10514272.0,10525347.0,10546059.0,10566332.0
37,Germany,78288576.0,78407907.0,78333366.0,78128282.0,77858685.0,77684873.0,77720436.0,77839920.0,78144619.0,78751283.0,79433029.0,80013896.0,80624598.0,81156363.0,81438348.0,81678051.0,81914831.0,82034771.0,82047195.0,82100243.0,82211508.0,82349925.0,82488495.0,82534176.0,82516260.0,82469422.0,82376451.0,82266372.0,82110097.0,81902307.0,81776930.0,80274983.0,80425823.0,80645605.0,80982500.0,81686611.0,82487842.0
38,Djibouti,358960.0,374937.0,385271.0,393802.0,406017.0,425613.0,454361.0,490330.0,528999.0,563864.0,590398.0,606844.0,615054.0,618495.0,622366.0,630388.0,643682.0,660953.0,680612.0,700099.0,717584.0,732711.0,746221.0,758615.0,770752.0,783254.0,796208.0,809402.0,822934.0,836840.0,851146.0,865937.0,881185.0,896688.0,912164.0,927414.0,942333.0
39,Denmark,5123027.0,5121572.0,5117810.0,5114297.0,5111619.0,5113691.0,5120534.0,5127024.0,5129516.0,5132594.0,5140939.0,5154298.0,5171370.0,5188628.0,5206180.0,5233373.0,5263074.0,5284991.0,5304219.0,5321799.0,5339616.0,5358783.0,5375931.0,5390574.0,5404523.0,5419432.0,5437272.0,5461438.0,5493621.0,5523095.0,5547683.0,5570572.0,5591572.0,5614932.0,5643475.0,5683483.0,5728010.0
40,Dominican Republic,5809269.0,5943591.0,6078820.0,6214857.0,6351572.0,6488856.0,6626542.0,6764624.0,6903316.0,7042937.0,7183647.0,7325622.0,7468551.0,7611465.0,7753052.0,7892423.0,8029113.0,8163472.0,8296375.0,8429112.0,8562622.0,8697126.0,8832285.0,8967760.0,9102998.0,9237566.0,9371338.0,9504353.0,9636520.0,9767758.0,9897985.0,10027095.0,10154950.0,10281296.0,10405844.0,10528394.0,10648791.0
41,Algeria,19337715.0,19943664.0,20575701.0,21228289.0,21893853.0,22565905.0,23241272.0,23917897.0,24591492.0,25257672.0,25912367.0,26554329.0,27181094.0,27786259.0,28362253.0,28904298.0,29411415.0,29886839.0,30335732.0,30765613.0,31183660.0,31592153.0,31995046.0,32403514.0,32831096.0,33288437.0,33777915.0,34300076.0,34860715.0,35465760.0,36117637.0,36819558.0,37565847.0,38338562.0,39113313.0,39871528.0,40606052.0
42,Ecuador,7976445.0,8183194.0,8392940.0,8606213.0,8823751.0,9045979.0,9272906.0,9504129.0,9739176.0,9977377.0,10218091.0,10460990.0,10705667.0,10951202.0,11196479.0,11440583.0,11683479.0,11924993.0,12163885.0,12398691.0,12628596.0,12852755.0,13072060.0,13289601.0,13509647.0,13735233.0,13967480.0,14205453.0,14447562.0,14691275.0,14934690.0,15177355.0,15419666.0,15661547.0,15903112.0,16144368.0,16385068.0
43,Egypt,44099142.0,45216506.0,46379620.0,47594556.0,48868951.0,50204985.0,51607703.0,53066229.0,54547296.0,56006573.0,57412215.0,58752390.0,60035536.0,61275601.0,62495745.0,63714386.0,64933456.0,66151117.0,67378056.0,68626664.0,69905988.0,71226940.0,72590118.0,73981942.0,75381899.0,76778149.0,78159048.0,79537253.0,80953881.0,82465022.0,84107606.0,85897561.0,87813257.0,89807433.0,91812566.0,93778172.0,95688681.0
44,Eritrea,2385540.0,2454766.0,2525521.0,2598410.0,2674289.0,2753151.0,2837111.0,2924349.0,3006361.0,3071771.0,3113311.0,3127297.0,3118582.0,3099047.0,3085443.0,3090159.0,3116379.0,3161350.0,3224223.0,3302263.0,3392801.0,3497124.0,3614639.0,3738265.0,3858623.0,3969007.0,4066648.0,4153332.0,4232636.0,4310334.0,4390840.0,4474690.0,4560977.0,4650998.0,4746045.0,4846976.0,4954645.0
45,Spain,37491165.0,37758631.0,37986012.0,38171525.0,38330364.0,38469512.0,38584624.0,38684815.0,38766939.0,38827764.0,38867322.0,38966376.0,39157685.0,39361262.0,39549108.0,39724050.0,39889852.0,40057389.0,40223509.0,40386875.0,40567864.0,40850412.0,41431558.0,42187645.0,42921895.0,43653155.0,44397319.0,45226803.0,45954106.0,46362946.0,46576897.0,46742697.0,46773055.0,46620045.0,46480882.0,46444832.0,46484533.0
46,Estonia,1477219.0,1487666.0,1498414.0,1508745.0,1518617.0,1528781.0,1540190.0,1552221.0,1561900.0,1568131.0,1569174.0,1561314.0,1533091.0,1494128.0,1462514.0,1436634.0,1415594.0,1399535.0,1386156.0,1390244.0,1396985.0,1388115.0,1379350.0,1370720.0,1362550.0,1354775.0,1346810.0,1340680.0,1337090.0,1334515.0,1331475.0,1327439.0,1322696.0,1317997.0,1314545.0,1315407.0,1315790.0
47,Ethiopia,35264898.0,36120288.0,37136848.0,38285883.0,39518801.0,40800343.0,42120730.0,43493283.0,44932064.0,46458913.0,48086516.0,49821083.0,51647768.0,53532956.0,55431123.0,57309880.0,59155148.0,60976450.0,62794151.0,64640054.0,66537331.0,68492257.0,70497192.0,72545144.0,74624405.0,76727083.0,78850689.0,81000409.0,83184892.0,85416253.0,87702670.0,90046756.0,92444183.0,94887724.0,97366774.0,99873033.0,102403196.0
48,Finland,4779535.0,4799964.0,4826933.0,4855787.0,4881803.0,4902206.0,4918154.0,4932123.0,4946481.0,4964371.0,4986431.0,5013740.0,5041992.0,5066447.0,5088333.0,5107790.0,5124573.0,5139835.0,5153498.0,5165474.0,5176209.0,5188008.0,5200598.0,5213014.0,5228172.0,5246096.0,5266268.0,5288720.0,5313399.0,5338871.0,5363352.0,5388272.0,5413971.0,5438972.0,5461512.0,5479531.0,5495303.0
49,Fiji,635255.0,650955.0,668198.0,685391.0,700366.0,711661.0,718548.0,721725.0,722917.0,724624.0,728628.0,735473.0,744531.0,755026.0,765667.0,775498.0,784476.0,792860.0,800315.0,806494.0,811223.0,814218.0,815691.0,816628.0,818354.0,821817.0,827411.0,834812.0,843340.0,851967.0,859950.0,867086.0,873596.0,879715.0,885806.0,892149.0,898760.0
50,France,55340782.0,55585824.0,55858727.0,56156284.0,56470769.0,56795686.0,57132691.0,57482591.0,57836486.0,58182702.0,58512808.0,58559311.0,58851217.0,59106768.0,59327192.0,59541899.0,59753100.0,59964851.0,60186288.0,60496718.0,60912500.0,61357430.0,61805267.0,62244886.0,62704895.0,63179351.0,63621381.0,64016227.0,64374989.0,64707044.0,65027507.0,65342775.0,65659789.0,65998573.0,66331958.5,66624068.0,66892205.0
51,Gabon,729159.0,747587.0,766855.0,787013.0,808083.0,830085.0,853027.0,876863.0,901458.0,926622.0,952212.0,978223.0,1004676.0,1031504.0,1058663.0,1086137.0,1113994.0,1142324.0,1171224.0,1200773.0,1231122.0,1262259.0,1294409.0,1328146.0,1364205.0,1403126.0,1444844.0,1489193.0,1536411.0,1586754.0,1640210.0,1697101.0,1756817.0,1817271.0,1875713.0,1930175.0,1979786.0
52,United Kingdom,56314216.0,56333829.0,56313641.0,56332848.0,56422072.0,56550268.0,56681396.0,56802050.0,56928327.0,57076711.0,57247586.0,57424897.0,57580402.0,57718614.0,57865745.0,58019030.0,58166950.0,58316954.0,58487141.0,58682466.0,58892514.0,59119673.0,59370479.0,59647577.0,59987905.0,60401206.0,60846820.0,61322463.0,61806995.0,62276270.0,62766365.0,63258918.0,63700300.0,64128226.0,64613160.0,65128861.0,65595565.0
53,Georgia,4467700.0,4504500.0,4542800.0,4582900.0,4622200.0,4662900.0,4704500.0,4743500.0,4790700.0,4803300.0,4802000.0,4835900.0,4873500.0,4911100.0,4861600.0,4734000.0,4616100.0,4531600.0,4487300.0,4452500.0,4418300.0,4386400.0,4357000.0,4301000.0,4245000.0,4190000.0,4136000.0,4082000.0,4030000.0,3978000.0,3926000.0,3875000.0,3825000.0,3776000.0,3727000.0,3717100.0,3719300.0
54,Ghana,10802028.0,11117605.0,11488106.0,11895125.0,12311158.0,12716228.0,13104296.0,13481406.0,13854214.0,14233874.0,14628260.0,15039514.0,15463854.0,15896432.0,16330174.0,16760467.0,17185608.0,17608812.0,18036494.0,18477612.0,18938762.0,19421605.0,19924522.0,20446782.0,20986536.0,21542009.0,22113425.0,22700212.0,23298640.0,23903831.0,24512104.0,25121796.0,25733049.0,26346251.0,26962563.0,27582821.0,28206728.0
55,Guinea,4511902.0,4589784.0,4690605.0,4810496.0,4943144.0,5084767.0,5229797.0,5381483.0,5554882.0,5770652.0,6041094.0,6374329.0,6758838.0,7163236.0,7544291.0,7871173.0,8132552.0,8337988.0,8503297.0,8653769.0,8808546.0,8971139.0,9137345.0,9309848.0,9490229.0,9679745.0,9881428.0,10096727.0,10323142.0,10556524.0,10794170.0,11035170.0,11281469.0,11536615.0,11805509.0,12091533.0,12395924.0
56,Gambia,604369.0,625411.0,648210.0,673238.0,701104.0,732096.0,766589.0,804125.0,843050.0,881138.0,916808.0,949493.0,979718.0,1008358.0,1036829.0,1066223.0,1096708.0,1128169.0,1160944.0,1195420.0,1231844.0,1270495.0,1311349.0,1354194.0,1398573.0,1444204.0,1491021.0,1539116.0,1588572.0,1639560.0,1692149.0,1746363.0,1802125.0,1859324.0,1917852.0,1977590.0,2038501.0
57,Equatorial Guinea,255325.0,270063.0,290617.0,314475.0,338086.0,358896.0,376024.0,390173.0,402326.0,414138.0,426846.0,440624.0,455148.0,470610.0,487140.0,504871.0,523999.0,544636.0,566673.0,589938.0,614323.0,639762.0,666407.0,694611.0,724817.0,757317.0,792217.0,829327.0,868418.0,909111.0,951104.0,994290.0,1038593.0,1083746.0,1129424.0,1175389.0,1221490.0
58,Greece,9642505.0,9729350.0,9789513.0,9846627.0,9895801.0,9934300.0,9967213.0,10000595.0,10036983.0,10089498.0,10196792.0,10319927.0,10399061.0,10460415.0,10512922.0,10562153.0,10608800.0,10661259.0,10720509.0,10761698.0,10805808.0,10862132.0,10902022.0,10928070.0,10955141.0,10987314.0,11020362.0,11048473.0,11077841.0,11107017.0,11121341.0,11104899.0,11045011.0,10965211.0,10892413.0,10820883.0,10770521.0
59,Guatemala,7283459.0,7466488.0,7654819.0,7847472.0,8042897.0,8240060.0,8438604.0,8639108.0,8842575.0,9050465.0,9263813.0,9483270.0,9708544.0,9938692.0,10172297.0,10408489.0,10646674.0,10887634.0,11133501.0,11387203.0,11650743.0,11924946.0,12208848.0,12500478.0,12796925.0,13096028.0,13397008.0,13700286.0,14006366.0,14316208.0,14630417.0,14948919.0,15271056.0,15596214.0,15923559.0,16252429.0,16582469.0
60,Guyana,780153.0,781732.0,781246.0,778948.0,775219.0,770435.0,764459.0,757506.0,750731.0,745665.0,743309.0,744289.0,748134.0,753484.0,758342.0,761291.0,761861.0,760510.0,757952.0,755278.0,753301.0,752263.0,751884.0,751857.0,751652.0,750946.0,749601.0,747869.0,746314.0,745693.0,746556.0,749100.0,753091.0,758081.0,763393.0,768514.0,773303.0
61,Honduras,3678286.0,3792938.0,3910657.0,4031349.0,4154887.0,4281189.0,4410158.0,4541804.0,4676361.0,4814137.0,4955328.0,5099951.0,5247836.0,5398805.0,5552625.0,5709051.0,5867849.0,6028882.0,6192026.0,6357221.0,6524283.0,6693061.0,6863157.0,7033821.0,7204153.0,7373430.0,7541406.0,7707972.0,7872658.0,8035021.0,8194778.0,8351600.0,8505646.0,8657785.0,8809216.0,8960829.0,9112867.0
62,Croatia,4588000.0,4608000.0,4635000.0,4659000.0,4680000.0,4701000.0,4722000.0,4740000.0,4757000.0,4767000.0,4780000.0,4510000.0,4470000.0,4640000.0,4650000.0,4669000.0,4494000.0,4572000.0,4501000.0,4554000.0,4426000.0,4440000.0,4440000.0,4440000.0,4439000.0,4442000.0,4440000.0,4436000.0,4434508.0,4429078.0,4417781.0,4280622.0,4267558.0,4255689.0,4238389.0,4203604.0,4174349.0
63,Haiti,5688836.0,5818671.0,5955267.0,6096692.0,6240329.0,6384195.0,6527543.0,6670568.0,6813348.0,6956300.0,7099732.0,7243391.0,7386975.0,7530705.0,7674911.0,7819806.0,7965553.0,8111951.0,8258483.0,8404398.0,8549200.0,8692567.0,8834733.0,8976552.0,9119178.0,9263404.0,9409457.0,9556889.0,9705029.0,9852870.0,9999617.0,10145054.0,10289210.0,10431776.0,10572466.0,10711061.0,10847334.0
64,Hungary,10711122.0,10711848.0,10705535.0,10689463.0,10668095.0,10648713.0,10630564.0,10612741.0,10596487.0,10481719.0,10373988.0,10373400.0,10369341.0,10357523.0,10343355.0,10328965.0,10311238.0,10290486.0,10266570.0,10237530.0,10210971.0,10187576.0,10158608.0,10129552.0,10107146.0,10087065.0,10071370.0,10055780.0,10038188.0,10022650.0,10000023.0,9971727.0,9920362.0,9893082.0,9866468.0,9843028.0,9814023.0
65,Indonesia,147490365.0,150978840.0,154506265.0,158044343.0,161555583.0,165012196.0,168402025.0,171728917.0,175000916.0,178233223.0,181436821.0,184615979.0,187766086.0,190879523.0,193945272.0,196957849.0,199914831.0,202826465.0,205715544.0,208612556.0,211540429.0,214506502.0,217508059.0,220545214.0,223614649.0,226712730.0,229838202.0,232989141.0,236159276.0,239340478.0,242524123.0,245707511.0,248883232.0,252032263.0,255131116.0,258162113.0,261115456.0
66,India,696783517.0,713118032.0,729868013.0,746949067.0,764245202.0,781666671.0,799181436.0,816792741.0,834489322.0,852270034.0,870133480.0,888054875.0,906021106.0,924057817.0,942204249.0,960482795.0,978893217.0,997405318.0,1015974042.0,1034539214.0,1053050912.0,1071477855.0,1089807112.0,1108027848.0,1126135777.0,1144118674.0,1161977719.0,1179681239.0,1197146906.0,1214270132.0,1230980691.0,1247236029.0,1263065852.0,1278562207.0,1293859294.0,1309053980.0,1324171354.0
67,Ireland,3412800.0,3453000.0,3485800.0,3510600.0,3532423.0,3538082.0,3539690.0,3540057.0,3524949.0,3511009.0,3513974.0,3534235.0,3558430.0,3576261.0,3590386.0,3608841.0,3637510.0,3674171.0,3712696.0,3754786.0,3805174.0,3866243.0,3931947.0,3996521.0,4070262.0,4159914.0,4273591.0,4398942.0,4489544.0,4535375.0,4560155.0,4576794.0,4586897.0,4598294.0,4617225.0,4646554.0,4749777.0
68,Iran,38668220.0,40217629.0,41883332.0,43645092.0,45474708.0,47342702.0,49256842.0,51197482.0,53075618.0,54777114.0,56226185.0,57375584.0,58260738.0,58991218.0,59725125.0,60575644.0,61583089.0,62710557.0,63900630.0,65062660.0,66131854.0,67096414.0,67983330.0,68812713.0,69617100.0,70421811.0,71227880.0,72031103.0,72845542.0,73687565.0,74567511.0,75491582.0,76453574.0,77435384.0,78411092.0,79360487.0,80277428.0
69,Iraq,13653356.0,14046540.0,14438309.0,14825789.0,15205501.0,15576395.0,15936375.0,16290149.0,16651807.0,17040190.0,17469005.0,17942715.0,18458187.0,19011917.0,19597239.0,20208387.0,20845893.0,21509291.0,22190250.0,22878156.0,23565413.0,24251649.0,24939299.0,25627626.0,26316609.0,27008426.0,27697912.0,28390433.0,29111417.0,29894652.0,30762701.0,31727053.0,32776571.0,33883145.0,35006080.0,36115649.0,37202572.0
70,Iceland,228138.0,230755.0,233860.0,236977.0,239511.0,241405.0,243180.0,245859.0,249740.0,252852.0,254826.0,257797.0,261057.0,263725.0,266021.0,267468.0,268916.0,271128.0,274047.0,277381.0,281205.0,284968.0,287523.0,289521.0,292074.0,296734.0,303782.0,311566.0,317414.0,318499.0,318041.0,319014.0,320716.0,323764.0,327386.0,330815.0,335439.0
71,Israel,3878000.0,3956000.0,4031000.0,4105000.0,4159000.0,4233000.0,4299000.0,4369000.0,4442000.0,4518000.0,4660000.0,4949000.0,5123000.0,5261000.0,5399000.0,5545000.0,5692000.0,5836000.0,5971000.0,6125000.0,6289000.0,6439000.0,6570000.0,6689700.0,6809000.0,6930100.0,7053700.0,7180100.0,7308800.0,7485600.0,7623600.0,7765800.0,7910500.0,8059500.0,8215700.0,8380100.0,8546000.0
72,Italy,56433883.0,56501675.0,56543548.0,56564074.0,56576718.0,56593071.0,56596155.0,56601931.0,56629288.0,56671781.0,56719240.0,56758521.0,56797087.0,56831821.0,56843400.0,56844303.0,56860281.0,56890372.0,56906744.0,56916317.0,56942108.0,56974100.0,57059007.0,57313203.0,57685327.0,57969484.0,58143979.0,58438310.0,58826731.0,59095365.0,59277417.0,59379449.0,59539717.0,60233948.0,60789140.0,60730582.0,60627498.0
73,Jamaica,2163045.0,2197583.0,2235327.0,2273666.0,2308947.0,2338638.0,2361720.0,2379279.0,2393534.0,2407720.0,2424242.0,2443689.0,2465362.0,2488782.0,2513049.0,2537440.0,2561993.0,2586827.0,2611367.0,2634882.0,2656864.0,2677011.0,2695446.0,2712511.0,2728777.0,2744673.0,2760279.0,2775467.0,2790122.0,2804082.0,2817210.0,2829493.0,2840992.0,2851807.0,2862087.0,2871934.0,2881355.0
74,Jordan,2374422.0,2461193.0,2559718.0,2667470.0,2780428.0,2895985.0,3011300.0,3127917.0,3252672.0,3395023.0,3560582.0,3753433.0,3968198.0,4189431.0,4395953.0,4572904.0,4716373.0,4832267.0,4927912.0,5014899.0,5103130.0,5193482.0,5287488.0,5396774.0,5535595.0,5714111.0,5934232.0,6193191.0,6489822.0,6821116.0,7182390.0,7574943.0,7992573.0,8413464.0,8809306.0,9159302.0,9455802.0
75,Japan,116782000.0,117648000.0,118449000.0,119259000.0,120018000.0,120754000.0,121492000.0,122091000.0,122613000.0,123116000.0,123537000.0,123921000.0,124229000.0,124536000.0,124961000.0,125439000.0,125757000.0,126057000.0,126400000.0,126631000.0,126843000.0,127149000.0,127445000.0,127718000.0,127761000.0,127773000.0,127854000.0,128001000.0,128063000.0,128047000.0,128070000.0,127833000.0,127629000.0,127445000.0,127276000.0,127141000.0,126994511.0
76,Kazakhstan,14518924.0,14683789.0,14853993.0,15030495.0,15214051.0,15403006.0,15600928.0,15801753.0,15982510.0,16249500.0,16348000.0,16450500.0,16439095.0,16330419.0,16095199.0,15815626.0,15577894.0,15333703.0,15071300.0,14928426.0,14883626.0,14858335.0,14858948.0,14909018.0,15012985.0,15147029.0,15308084.0,15484192.0,15674000.0,16092701.0,16321581.0,16556600.0,16791425.0,17035275.0,17289224.0,17544126.0,17794397.0
77,Kenya,16268990.0,16901677.0,17559430.0,18239404.0,18937738.0,19651225.0,20378626.0,21119318.0,21871442.0,22633022.0,23402507.0,24179598.0,24963953.0,25754114.0,26548486.0,27346456.0,28147734.0,28954114.0,29769803.0,30600397.0,31450483.0,32321482.0,33214009.0,34130852.0,35074931.0,36048288.0,37052050.0,38085909.0,39148416.0,40237204.0,41350152.0,42486839.0,43646629.0,44826849.0,46024250.0,47236259.0,48461567.0
78,Kyrgyzstan,3617400.0,3685800.0,3759300.0,3838300.0,3916400.0,3990300.0,4066500.0,4144600.0,4218400.0,4307500.0,4391200.0,4463600.0,4515400.0,4516700.0,4515100.0,4560400.0,4628400.0,4696400.0,4769000.0,4840400.0,4898400.0,4945100.0,4990700.0,5043300.0,5104700.0,5162600.0,5218400.0,5268400.0,5318700.0,5383300.0,5447900.0,5514600.0,5607200.0,5719600.0,5835500.0,5956900.0,6079500.0
79,Cambodia,6692107.0,6748193.0,6918101.0,7168236.0,7446019.0,7712978.0,7958976.0,8196037.0,8433798.0,8689152.0,8973342.0,9286976.0,9621504.0,9968275.0,10315376.0,10653558.0,10980273.0,11295880.0,11597739.0,11883636.0,12152354.0,12402473.0,12634729.0,12853124.0,13063377.0,13270201.0,13474489.0,13676693.0,13880509.0,14090208.0,14308740.0,14537886.0,14776866.0,15022692.0,15270790.0,15517635.0,15762370.0
80,South Korea,38123775.0,38723248.0,39326352.0,39910403.0,40405956.0,40805744.0,41213674.0,41621690.0,42031247.0,42449038.0,42869283.0,43295704.0,43747962.0,44194628.0,44641540.0,45092991.0,45524681.0,45953580.0,46286503.0,46616677.0,47008111.0,47370164.0,47644736.0,47892330.0,48082519.0,48184561.0,48438292.0,48683638.0,49054708.0,49307835.0,49554112.0,49936638.0,50199853.0,50428893.0,50746659.0,51014947.0,51245707.0
81,Kuwait,1372318.0,1442991.0,1511314.0,1580638.0,1655833.0,1738994.0,1836105.0,1942810.0,2038885.0,2096932.0,2099615.0,2035661.0,1916877.0,1777137.0,1663932.0,1610651.0,1631740.0,1715314.0,1836353.0,1957066.0,2050741.0,2109355.0,2143833.0,2169118.0,2207939.0,2276623.0,2377258.0,2503410.0,2652340.0,2818939.0,2998083.0,3191051.0,3395556.0,3598385.0,3782450.0,3935794.0,4052584.0
82,Laos,3258144.0,3323377.0,3401242.0,3489977.0,3586381.0,3687898.0,3794043.0,3905163.0,4020295.0,4138408.0,4258472.0,4380073.0,4502363.0,4623280.0,4740380.0,4851923.0,4957180.0,5056519.0,5150763.0,5241284.0,5329304.0,5414568.0,5497273.0,5579656.0,5664605.0,5754026.0,5849356.0,5949787.0,6052190.0,6152036.0,6246274.0,6333487.0,6415169.0,6494557.0,6576397.0,6663967.0,6758353.0
83,Lebanon,2605293.0,2615747.0,2632276.0,2651292.0,2667220.0,2676583.0,2677280.0,2672173.0,2668585.0,2676605.0,2703016.0,2752462.0,2821862.0,2900854.0,2974640.0,3033394.0,3070960.0,3092670.0,3113951.0,3156646.0,3235366.0,3359859.0,3522837.0,3701464.0,3863267.0,3986852.0,4057350.0,4086466.0,4111047.0,4183156.0,4337141.0,4588368.0,4916404.0,5276102.0,5603279.0,5851479.0,6006668.0
84,Liberia,1888314.0,1957456.0,2031850.0,2102911.0,2159089.0,2192555.0,2201833.0,2191023.0,2165090.0,2131525.0,2097232.0,2060267.0,2022729.0,2000248.0,2012885.0,2073482.0,2191179.0,2358469.0,2551062.0,2734518.0,2884522.0,2991132.0,3062863.0,3116233.0,3176414.0,3261230.0,3375838.0,3512932.0,3662993.0,3811528.0,3948125.0,4070167.0,4181563.0,4286291.0,4390737.0,4499621.0,4613823.0
85,Libya,3219466.0,3347781.0,3480454.0,3614689.0,3746715.0,3873781.0,3994591.0,4109703.0,4220418.0,4328914.0,4436661.0,4544293.0,4651004.0,4755289.0,4855003.0,4948798.0,5035884.0,5117269.0,5195502.0,5274163.0,5355751.0,5440566.0,5527515.0,5615952.0,5704759.0,5792688.0,5881435.0,5970362.0,6053078.0,6121053.0,6169140.0,6193501.0,6198258.0,6195970.0,6204108.0,6234955.0,6293253.0
86,Sri Lanka,15035856.0,15273391.0,15502515.0,15726802.0,15951422.0,16179796.0,16412711.0,16647945.0,16882189.0,17110713.0,17329713.0,17539633.0,17740637.0,17928576.0,18098348.0,18247121.0,18372120.0,18476505.0,18570701.0,18669103.0,18781938.0,18913054.0,19059300.0,19215307.0,19372538.0,19524558.0,19670151.0,19810789.0,19945832.0,20075086.0,20198353.0,20315017.0,20425000.0,20585000.0,20771000.0,20966000.0,21203000.0
87,Lesotho,1310118.0,1343690.0,1377346.0,1410439.0,1442212.0,1472192.0,1499861.0,1525460.0,1550262.0,1576022.0,1603938.0,1634517.0,1667121.0,1700362.0,1732257.0,1761359.0,1787273.0,1810453.0,1831298.0,1850527.0,1868699.0,1885955.0,1902312.0,1918097.0,1933728.0,1949543.0,1965662.0,1982287.0,1999930.0,2019209.0,2040551.0,2064166.0,2089928.0,2117361.0,2145785.0,2174645.0,2203821.0
88,Lithuania,3413202.0,3432947.0,3457179.0,3485192.0,3514205.0,3544543.0,3578914.0,3616367.0,3655049.0,3684255.0,3697838.0,3704134.0,3700114.0,3682613.0,3657144.0,3629102.0,3601613.0,3575137.0,3549331.0,3524238.0,3499536.0,3470818.0,3443067.0,3415213.0,3377075.0,3322528.0,3269909.0,3231294.0,3198231.0,3162916.0,3097282.0,3028115.0,2987773.0,2957689.0,2932367.0,2904910.0,2868231.0
89,Luxembourg,364150.0,365225.0,365525.0,365622.0,365998.0,366706.0,368355.0,370750.0,373450.0,377100.0,381850.0,387000.0,392175.0,397475.0,402925.0,408625.0,414225.0,419450.0,424700.0,430475.0,436300.0,441525.0,446175.0,451630.0,458095.0,465158.0,472637.0,479993.0,488650.0,497783.0,506953.0,518347.0,530946.0,543360.0,556319.0,569604.0,582014.0
90,Latvia,2511701.0,2519421.0,2531080.0,2546011.0,2562047.0,2578873.0,2599892.0,2626583.0,2653434.0,2666955.0,2663151.0,2650581.0,2614338.0,2563290.0,2520742.0,2485056.0,2457222.0,2432851.0,2410019.0,2390482.0,2367550.0,2337170.0,2310173.0,2287955.0,2263122.0,2238799.0,2218357.0,2200325.0,2177322.0,2141669.0,2097555.0,2059709.0,2034319.0,2012647.0,1993782.0,1977527.0,1959537.0
91,Morocco,20019847.0,20511601.0,21016818.0,21528502.0,22037610.0,22537376.0,23023935.0,23497766.0,23961820.0,24421191.0,24879136.0,25336862.0,25791494.0,26237417.0,26667048.0,27075232.0,27460603.0,27825901.0,28175263.0,28514798.0,28849621.0,29181832.0,29512368.0,29843937.0,30179285.0,30521070.0,30869346.0,31225881.0,31596855.0,31989897.0,32409639.0,32858823.0,33333789.0,33824769.0,34318082.0,34803322.0,35276786.0
92,Moldova,3396000.0,3429000.0,3464000.0,3500000.0,3536000.0,3570000.0,3602000.0,3633000.0,3660000.0,3681000.0,3696000.0,3704000.0,3706000.0,3701000.0,3691000.0,3675099.0,3667748.0,3654208.0,3652732.0,3647001.0,3639592.0,3631462.0,3623062.0,3612874.0,3603945.0,3595187.0,3585209.0,3576910.0,3570108.0,3565604.0,3562045.0,3559986.0,3559519.0,3558566.0,3556397.0,3554108.0,3551954.0
93,Madagascar,8716553.0,8971345.0,9234129.0,9504281.0,9780872.0,10063495.0,10352120.0,10647754.0,10952395.0,11268658.0,11598633.0,11942819.0,12301336.0,12675460.0,13066543.0,13475400.0,13902688.0,14347854.0,14808791.0,15282521.0,15766806.0,16260932.0,16765117.0,17279141.0,17802997.0,18336724.0,18880268.0,19433523.0,19996469.0,20569121.0,21151640.0,21743949.0,22346573.0,22961146.0,23589801.0,24234088.0,24894551.0
94,Mexico,69360871.0,70992195.0,72602533.0,74196548.0,75780605.0,77360707.0,78934125.0,80503052.0,82083919.0,83697891.0,85357874.0,87071512.0,88828310.0,90600453.0,92349147.0,94045579.0,95687452.0,97281739.0,98821456.0,100300579.0,101719673.0,103067068.0,104355608.0,105640453.0,106995583.0,108472228.0,110092378.0,111836346.0,113661809.0,115505228.0,117318941.0,119090017.0,120828307.0,122535969.0,124221600.0,125890949.0,127540423.0
95,Macedonia,1924197.0,1941530.0,1955243.0,1965895.0,1974415.0,1981534.0,1987538.0,1992274.0,1995513.0,1996870.0,1996228.0,1993302.0,1988659.0,1984028.0,1981703.0,1983252.0,1989443.0,1999599.0,2012057.0,2024394.0,2034819.0,2042842.0,2048928.0,2053426.0,2057047.0,2060272.0,2063145.0,2065458.0,2067378.0,2069093.0,2070739.0,2072383.0,2074036.0,2075739.0,2077495.0,2079308.0,2081206.0
96,Mali,7090126.0,7234303.0,7387656.0,7543743.0,7693667.0,7831889.0,7955164.0,8067758.0,8180728.0,8309531.0,8465188.0,8652514.0,8868263.0,9105472.0,9353385.0,9604450.0,9856810.0,10114094.0,10380835.0,10663723.0,10967690.0,11293258.0,11638929.0,12005128.0,12391906.0,12798763.0,13227064.0,13675606.0,14138216.0,14606597.0,15075085.0,15540989.0,16006670.0,16477818.0,16962846.0,17467905.0,17994837.0
97,Myanmar,33369712.0,34139130.0,34917895.0,35697943.0,36468888.0,37222296.0,37957332.0,38673241.0,39362142.0,40014862.0,40626250.0,41190156.0,41711465.0,42209778.0,42712223.0,43237792.0,43793310.0,44371525.0,44959935.0,45539435.0,46095462.0,46627994.0,47140220.0,47624894.0,48073707.0,48482614.0,48846474.0,49171586.0,49479752.0,49800690.0,50155896.0,50553031.0,50986514.0,51448196.0,51924182.0,52403669.0,52885223.0
98,Montenegro,572608.0,579445.0,587001.0,594506.0,600884.0,605398.0,607711.0,608144.0,607413.0,606571.0,606372.0,607105.0,608516.0,610170.0,611389.0,611712.0,611003.0,609520.0,607662.0,606001.0,604950.0,607389.0,609828.0,612267.0,613353.0,614261.0,615025.0,615875.0,616969.0,618294.0,619428.0,620079.0,620601.0,621207.0,621810.0,622159.0,622303.0
99,Mongolia,1689622.0,1733475.0,1777727.0,1823216.0,1871090.0,1921881.0,1976309.0,2033343.0,2089714.0,2141008.0,2184145.0,2217918.0,2243502.0,2263200.0,2280496.0,2298039.0,2316567.0,2335695.0,2355590.0,2376162.0,2397436.0,2419776.0,2443659.0,2469286.0,2496832.0,2526446.0,2558012.0,2591670.0,2628131.0,2668289.0,2712650.0,2761516.0,2814226.0,2869107.0,2923896.0,2976877.0,3027398.0
100,Mozambique,11848331.0,12133074.0,12409243.0,12657708.0,12853780.0,12984405.0,13034385.0,13020861.0,13002553.0,13059613.0,13247649.0,13591970.0,14071231.0,14636995.0,15217044.0,15759132.0,16248232.0,16701351.0,17136780.0,17584869.0,18067687.0,18588758.0,19139658.0,19716598.0,20312705.0,20923070.0,21547463.0,22188387.0,22846758.0,23524063.0,24221405.0,24939005.0,25676606.0,26434372.0,27212382.0,28010691.0,28829476.0
101,Mauritania,1534085.0,1578938.0,1625124.0,1672496.0,1720812.0,1769942.0,1819954.0,1870978.0,1923002.0,1976030.0,2030140.0,2085202.0,2141445.0,2199791.0,2261403.0,2327075.0,2397245.0,2471598.0,2549223.0,2628803.0,2709359.0,2790729.0,2873228.0,2957117.0,3042823.0,3130720.0,3220653.0,3312665.0,3407541.0,3506288.0,3609543.0,3717672.0,3830239.0,3946170.0,4063920.0,4182341.0,4301018.0
102,Malawi,6163080.0,6327569.0,6484452.0,6661358.0,6895928.0,7211105.0,7625305.0,8120093.0,8636935.0,9094671.0,9437553.0,9641153.0,9729717.0,9755857.0,9796976.0,9909088.0,10109789.0,10381862.0,10704744.0,11044356.0,11376172.0,11695863.0,12013711.0,12336687.0,12676038.0,13039711.0,13429262.0,13840969.0,14271234.0,14714602.0,15167095.0,15627618.0,16097305.0,16577147.0,17068838.0,17573607.0,18091575.0
103,Malaysia,13798125.0,14133840.0,14470633.0,14818617.0,15191625.0,15598942.0,16045047.0,16525108.0,17027588.0,17535971.0,18038321.0,18529454.0,19012724.0,19494967.0,19986894.0,20495597.0,21023321.0,21565325.0,22113464.0,22656286.0,23185608.0,23698907.0,24198811.0,24688703.0,25174109.0,25659393.0,26143566.0,26625845.0,27111069.0,27605383.0,28112289.0,28635128.0,29170456.0,29706724.0,30228017.0,30723155.0,31187265.0
104,Namibia,1012672.0,1034264.0,1056366.0,1081081.0,1111132.0,1148302.0,1193592.0,1245990.0,1302741.0,1359933.0,1414692.0,1465740.0,1513721.0,1559983.0,1606718.0,1655359.0,1706489.0,1758994.0,1810566.0,1858042.0,1899257.0,1933596.0,1962147.0,1986535.0,2009228.0,2032196.0,2055734.0,2079915.0,2106375.0,2137040.0,2173170.0,2215621.0,2263934.0,2316520.0,2370992.0,2425561.0,2479713.0
105,Niger,5988904.0,6164006.0,6344382.0,6529894.0,6720344.0,6915927.0,7116744.0,7323969.0,7540253.0,7768995.0,8012861.0,8272976.0,8549424.0,8842415.0,9151763.0,9477333.0,9819964.0,10180061.0,10556549.0,10947829.0,11352973.0,11771976.0,12206002.0,12656870.0,13127012.0,13618449.0,14132064.0,14668338.0,15228525.0,15813913.0,16425578.0,17064636.0,17731634.0,18426372.0,19148219.0,19896965.0,20672987.0
106,Nigeria,73460724.0,75482552.0,77472907.0,79462277.0,81497739.0,83613300.0,85818502.0,88101628.0,90450281.0,92844353.0,95269988.0,97726323.0,100221563.0,102761737.0,105355783.0,108011465.0,110732904.0,113522705.0,116385750.0,119327073.0,122352009.0,125463434.0,128666710.0,131972533.0,135393616.0,138939478.0,142614094.0,146417024.0,150347390.0,154402181.0,158578261.0,162877076.0,167297284.0,171829303.0,176460502.0,181181744.0,185989640.0
107,Nicaragua,3249910.0,3342669.0,3435525.0,3527939.0,3619253.0,3709091.0,3796917.0,3882943.0,3968454.0,4055265.0,4144565.0,4236801.0,4331277.0,4426580.0,4520725.0,4612228.0,4700779.0,4786640.0,4869626.0,4949660.0,5026796.0,5100750.0,5171734.0,5240879.0,5309703.0,5379328.0,5450211.0,5522106.0,5594506.0,5666581.0,5737723.0,5807820.0,5877108.0,5945747.0,6013997.0,6082035.0,6149928.0
108,Netherlands,14149800.0,14247208.0,14312690.0,14367070.0,14424211.0,14491632.0,14572278.0,14665037.0,14760094.0,14848907.0,14951510.0,15069798.0,15184166.0,15290368.0,15382838.0,15459006.0,15530498.0,15610650.0,15707209.0,15812088.0,15925513.0,16046180.0,16148929.0,16225302.0,16281779.0,16319868.0,16346101.0,16381696.0,16445593.0,16530388.0,16615394.0,16693074.0,16754962.0,16804432.0,16865008.0,16939923.0,17030314.0
109,Norway,4085620.0,4099702.0,4114787.0,4128432.0,4140099.0,4152516.0,4167354.0,4186905.0,4209488.0,4226901.0,4241473.0,4261732.0,4286401.0,4311991.0,4336613.0,4359184.0,4381336.0,4405157.0,4431464.0,4461913.0,4490967.0,4513751.0,4538159.0,4564855.0,4591910.0,4623291.0,4660677.0,4709153.0,4768212.0,4828726.0,4889252.0,4953088.0,5018573.0,5079623.0,5137232.0,5190239.0,5236151.0
110,Nepal,14902163.0,15249010.0,15607236.0,15974420.0,16347242.0,16723956.0,17101136.0,17480921.0,17873667.0,18293514.0,18749406.0,19245054.0,19773772.0,20321175.0,20867130.0,21396384.0,21903379.0,22389803.0,22856305.0,23305994.0,23740911.0,24161777.0,24566342.0,24950623.0,25309449.0,25640287.0,25940618.0,26214847.0,26475859.0,26741103.0,27023137.0,27327147.0,27649925.0,27985310.0,28323241.0,28656282.0,28982771.0
111,New Zealand,3112900.0,3124900.0,3156100.0,3199300.0,3227100.0,3247100.0,3246300.0,3274400.0,3283400.0,3299200.0,3329800.0,3495100.0,3531700.0,3572200.0,3620000.0,3673400.0,3732000.0,3781300.0,3815000.0,3835100.0,3857700.0,3880500.0,3948500.0,4027200.0,4087500.0,4133900.0,4184600.0,4223800.0,4259800.0,4302600.0,4350700.0,4384000.0,4408100.0,4442100.0,4509700.0,4595700.0,4693200.0
112,Oman,1154379.0,1220587.0,1290111.0,1361097.0,1431077.0,1498417.0,1561185.0,1619864.0,1678116.0,1741160.0,1812160.0,1893771.0,1983277.0,2072111.0,2148428.0,2204283.0,2236666.0,2249773.0,2251875.0,2254918.0,2267991.0,2294787.0,2334285.0,2385255.0,2444751.0,2511269.0,2582991.0,2662762.0,2759014.0,2882942.0,3041460.0,3237268.0,3464644.0,3711481.0,3960925.0,4199810.0,4424762.0
113,Pakistan,78068144.0,80696945.0,83445863.0,86297640.0,89228949.0,92219488.0,95264460.0,98357473.0,101474835.0,104588490.0,107678614.0,110730420.0,113747135.0,116749560.0,119769556.0,122829148.0,125938339.0,129086987.0,132253264.0,135405584.0,138523285.0,141601437.0,144654143.0,147703401.0,150780300.0,153909667.0,157093993.0,160332974.0,163644603.0,167049580.0,170560182.0,174184265.0,177911533.0,181712595.0,185546257.0,189380513.0,193203476.0
114,Panama,1978578.0,2026065.0,2073844.0,2121939.0,2170409.0,2219276.0,2268574.0,2318332.0,2368618.0,2419491.0,2471009.0,2523181.0,2576018.0,2629644.0,2684183.0,2739730.0,2796344.0,2853941.0,2912328.0,2971197.0,3030347.0,3089684.0,3149265.0,3209174.0,3269541.0,3330465.0,3391905.0,3453807.0,3516268.0,3579385.0,3643222.0,3707782.0,3772938.0,3838462.0,3903986.0,3969249.0,4034119.0
115,Peru,17359120.0,17792549.0,18225730.0,18660439.0,19099584.0,19544956.0,19996253.0,20451710.0,20909895.0,21368859.0,21826658.0,22283128.0,22737056.0,23184228.0,23619356.0,24038760.0,24441074.0,24827406.0,25199748.0,25561299.0,25914879.0,26261363.0,26601467.0,26937738.0,27273194.0,27610410.0,27949944.0,28292724.0,28641980.0,29001507.0,29373646.0,29759989.0,30158966.0,30565716.0,30973354.0,31376671.0,31773839.0
116,Philippines,47396968.0,48715592.0,50068493.0,51455033.0,52873974.0,54323648.0,55804072.0,57313311.0,58845205.0,60391867.0,61947348.0,63508459.0,65075486.0,66650247.0,68236230.0,69835715.0,71446107.0,73064764.0,74693695.0,76335812.0,77991569.0,79665315.0,81352060.0,83031954.0,84678493.0,86274237.0,87809419.0,89293490.0,90751864.0,92220879.0,93726624.0,95277940.0,96866642.0,98481032.0,100102249.0,101716359.0,103320222.0
117,Papua New Guinea,3304473.0,3398469.0,3495199.0,3594004.0,3694041.0,3794720.0,3895852.0,3997702.0,4100729.0,4205654.0,4313059.0,4423007.0,4535520.0,4651169.0,4770606.0,4894276.0,5022437.0,5154910.0,5291178.0,5430479.0,5572222.0,5716152.0,5862316.0,6010724.0,6161517.0,6314709.0,6470272.0,6627922.0,6787187.0,6947447.0,7108239.0,7269348.0,7430836.0,7592865.0,7755785.0,7919825.0,8084991.0
118,Poland,35574150.0,35898587.0,36230481.0,36571808.0,36904134.0,37201885.0,37456119.0,37668045.0,37824487.0,37961529.0,38110782.0,38246193.0,38363667.0,38461408.0,38542652.0,38594998.0,38624370.0,38649660.0,38663481.0,38660271.0,38258629.0,38248076.0,38230364.0,38204570.0,38182222.0,38165445.0,38141267.0,38120560.0,38125759.0,38151603.0,38042794.0,38063255.0,38063164.0,38040196.0,38011735.0,37986412.0,37970087.0
119,North Korea,17472140.0,17731230.0,18008564.0,18298214.0,18590138.0,18877238.0,19156795.0,19431986.0,19708323.0,19993755.0,20293054.0,20609150.0,20937404.0,21265834.0,21577982.0,21862299.0,22113548.0,22335638.0,22537336.0,22731985.0,22929075.0,23131810.0,23336681.0,23538540.0,23729498.0,23904167.0,24061097.0,24203289.0,24335146.0,24463021.0,24591599.0,24722298.0,24854034.0,24985976.0,25116363.0,25243917.0,25368620.0
120,Portugal,9766312.0,9851362.0,9911771.0,9957865.0,9996232.0,10023613.0,10032734.0,10030031.0,10019610.0,10005000.0,9983218.0,9960235.0,9952494.0,9964675.0,9991525.0,10026176.0,10063945.0,10108977.0,10160196.0,10217828.0,10289898.0,10362722.0,10419631.0,10458821.0,10483861.0,10503330.0,10522288.0,10542964.0,10558177.0,10568247.0,10573100.0,10557560.0,10514844.0,10457295.0,10401062.0,10358076.0,10325452.0
121,Paraguay,3180630.0,3271456.0,3366719.0,3465793.0,3567752.0,3671826.0,3777763.0,3885436.0,3994331.0,4103911.0,4213742.0,4323410.0,4432736.0,4541902.0,4651225.0,4760850.0,4870694.0,4980344.0,5089310.0,5196937.0,5302700.0,5406624.0,5508611.0,5607950.0,5703740.0,5795494.0,5882796.0,5966159.0,6047117.0,6127837.0,6209877.0,6293783.0,6379219.0,6465740.0,6552584.0,6639119.0,6725308.0
122,Qatar,223775.0,248144.0,277396.0,309479.0,341455.0,371081.0,397932.0,422341.0,443794.0,461870.0,476445.0,487491.0,495517.0,501566.0,507095.0,513455.0,522304.0,534608.0,550430.0,569447.0,592267.0,616886.0,645659.0,688586.0,758855.0,864863.0,1010382.0,1189633.0,1389342.0,1590780.0,1779676.0,1952054.0,2109568.0,2250473.0,2374419.0,2481539.0,2569804.0
123,Romania,22242653.0,22415169.0,22515389.0,22588790.0,22655940.0,22755427.0,22859269.0,22949430.0,23057662.0,23161458.0,23201835.0,23001155.0,22794284.0,22763280.0,22730211.0,22684270.0,22619004.0,22553978.0,22507344.0,22472040.0,22442971.0,22131970.0,21730496.0,21574326.0,21451748.0,21319685.0,21193760.0,20882982.0,20537875.0,20367487.0,20246871.0,20147528.0,20058035.0,19983693.0,19908979.0,19815481.0,19699312.0
124,Russia,139010000.0,139941000.0,140823000.0,141668000.0,142745000.0,143858000.0,144894000.0,145908000.0,146857000.0,147721000.0,148292000.0,148624000.0,148689000.0,148520000.0,148336000.0,148375726.0,148160042.0,147915307.0,147670692.0,147214392.0,146596557.0,145976083.0,145306046.0,144648257.0,144067054.0,143518523.0,143049528.0,142805088.0,142742350.0,142785342.0,142849449.0,142960868.0,143201676.0,143506911.0,143819666.0,144096870.0,144342396.0
125,Rwanda,5140716.0,5315032.0,5489322.0,5673614.0,5881906.0,6120107.0,6407672.0,6732131.0,7030179.0,7216028.0,7235798.0,7051759.0,6701851.0,6299909.0,6005095.0,5928078.0,6115168.0,6522382.0,7059813.0,7593239.0,8025703.0,8329406.0,8536205.0,8680346.0,8818438.0,8991735.0,9206580.0,9447402.0,9708169.0,9977446.0,10246842.0,10516071.0,10788853.0,11065151.0,11345357.0,11629553.0,11917508.0
126,Saudi Arabia,9740599.0,10366661.0,11048080.0,11763837.0,12484967.0,13189115.0,13869012.0,14525660.0,15155223.0,15755944.0,16326815.0,16867829.0,17378833.0,17859750.0,18311090.0,18735841.0,19131578.0,19505576.0,19882458.0,20294406.0,20764312.0,21303592.0,21906308.0,22556425.0,23228890.0,23905654.0,24578301.0,25252569.0,25940770.0,26661492.0,27425676.0,28238020.0,29086357.0,29944476.0,30776722.0,31557144.0,32275687.0
127,Sudan,14507468.0,15027270.0,15562194.0,16107730.0,16658054.0,17210187.0,17757169.0,18302587.0,18866319.0,19475609.0,20147590.0,20893625.0,21701476.0,22535937.0,23347885.0,24102986.0,24786190.0,25410451.0,26003542.0,26607042.0,27250535.0,27945005.0,28679565.0,29435944.0,30186341.0,30911914.0,31607064.0,32282526.0,32955496.0,33650619.0,34385963.0,35167314.0,35990192.0,36849918.0,37737913.0,38647803.0,39578828.0
128,Senegal,5592646.0,5750338.0,5920059.0,6100495.0,6289327.0,6484738.0,6686159.0,6893896.0,7107976.0,7328600.0,7555617.0,7789653.0,8029725.0,8272170.0,8512173.0,8746606.0,8974077.0,9196528.0,9418393.0,9645957.0,9884052.0,10134497.0,10396861.0,10670990.0,10955944.0,11251266.0,11556763.0,11873557.0,12203957.0,12550917.0,12916229.0,13300910.0,13703513.0,14120320.0,14546111.0,14976994.0,15411614.0
129,Solomon Islands,230607.0,238479.0,246493.0,254596.0,262709.0,270801.0,278838.0,286863.0,294964.0,303253.0,311840.0,320753.0,329953.0,339456.0,349225.0,359225.0,369469.0,379947.0,390643.0,401538.0,412609.0,423853.0,435262.0,446769.0,458324.0,469885.0,481422.0,492940.0,504477.0,516079.0,527790.0,539614.0,551531.0,563513.0,575504.0,587482.0,599419.0
130,Sierra Leone,3365441.0,3445277.0,3525399.0,3608751.0,3699467.0,3799550.0,3912438.0,4034668.0,4152984.0,4249468.0,4312246.0,4337239.0,4331332.0,4307299.0,4283621.0,4274819.0,4282350.0,4305455.0,4353646.0,4437803.0,4564297.0,4739147.0,4957216.0,5199549.0,5439695.0,5658379.0,5848692.0,6015417.0,6165372.0,6310260.0,6458720.0,6611692.0,6766103.0,6922079.0,7079162.0,7237025.0,7396190.0
131,El Salvador,4580704.0,4655364.0,4725720.0,4792903.0,4858532.0,4923860.0,4988943.0,5053714.0,5119035.0,5185943.0,5254984.0,5326657.0,5400331.0,5474000.0,5544945.0,5611115.0,5671925.0,5727755.0,5778706.0,5825187.0,5867626.0,5905962.0,5940303.0,5971535.0,6000775.0,6028961.0,6056478.0,6083475.0,6110301.0,6137276.0,6164626.0,6192560.0,6221246.0,6250777.0,6281189.0,6312478.0,6344722.0
132,Somalia,6359126.0,6604872.0,6716448.0,6740220.0,6747932.0,6791716.0,6887372.0,7018109.0,7165295.0,7298417.0,7397347.0,7455936.0,7488544.0,7519811.0,7583954.0,7704894.0,7892389.0,8137475.0,8422372.0,8720231.0,9011479.0,9290823.0,9564167.0,9836397.0,10116228.0,10409925.0,10718317.0,11038596.0,11369276.0,11707990.0,12053223.0,12404725.0,12763776.0,13132349.0,13513125.0,13908129.0,14317996.0
133,Republic of Serbia,8908293.0,8984594.0,9057978.0,9127677.0,9192920.0,9253405.0,9306347.0,9352150.0,9397311.0,9457770.0,9517674.0,9602941.0,9701331.0,9795554.0,9381877.0,9884147.0,9855506.0,9783393.0,9683612.0,9579314.0,9487615.0,9413418.0,9352705.0,9302869.0,9258343.0,9214986.0,9173289.0,9135214.0,9099552.0,9064756.0,9029716.0,8993746.0,8956984.0,8920215.0,8884712.0,8851280.0,8820083.0
134,South Sudan,4705224.0,4853927.0,5011726.0,5170558.0,5319609.0,5450424.0,5565545.0,5666078.0,5741235.0,5777498.0,5768481.0,5705378.0,5599814.0,5490915.0,5431738.0,5459519.0,5591114.0,5814006.0,6099923.0,6405864.0,6700656.0,6974442.0,7237276.0,7501642.0,7787655.0,8108877.0,8468152.0,8856800.0,9263136.0,9670667.0,10067192.0,10448857.0,10818258.0,11177490.0,11530971.0,11882136.0,12230730.0
135,Suriname,362777.0,363325.0,364032.0,365300.0,367660.0,371470.0,376867.0,383654.0,391391.0,399492.0,407472.0,415216.0,422763.0,430039.0,437037.0,443724.0,450036.0,455954.0,461560.0,467003.0,472390.0,477740.0,483044.0,488332.0,493630.0,498946.0,504307.0,509705.0,515148.0,520619.0,526103.0,531589.0,537077.0,542540.0,547928.0,553208.0,558368.0
136,Slovakia,4979815.0,5016105.0,5055099.0,5091971.0,5127097.0,5161768.0,5193838.0,5222840.0,5250596.0,5275942.0,5299187.0,5303294.0,5305016.0,5325305.0,5346331.0,5361999.0,5373361.0,5383291.0,5390516.0,5396020.0,5388720.0,5378867.0,5376912.0,5373374.0,5372280.0,5372807.0,5373054.0,5374622.0,5379233.0,5386406.0,5391428.0,5398384.0,5407579.0,5413393.0,5418649.0,5423801.0,5430798.0
137,Slovenia,1901315.0,1906531.0,1910334.0,1922321.0,1932154.0,1941641.0,1965964.0,1989776.0,1995196.0,1996351.0,1998161.0,1999429.0,1996498.0,1991746.0,1989443.0,1989872.0,1988628.0,1985956.0,1981629.0,1983045.0,1988925.0,1992060.0,1994530.0,1995733.0,1997012.0,2000474.0,2006868.0,2018122.0,2021316.0,2039669.0,2048583.0,2052843.0,2057159.0,2059953.0,2061980.0,2063531.0,2065042.0
138,Sweden,8310531.0,8320503.0,8325263.0,8329033.0,8336605.0,8350386.0,8369829.0,8397804.0,8436489.0,8492964.0,8558835.0,8617375.0,8668067.0,8718561.0,8780745.0,8826939.0,8840998.0,8846062.0,8850974.0,8857874.0,8872109.0,8895960.0,8924958.0,8958229.0,8993531.0,9029572.0,9080505.0,9148092.0,9219637.0,9298515.0,9378126.0,9449213.0,9519374.0,9600379.0,9696110.0,9799186.0,9923085.0
139,Swaziland,603372.0,621276.0,639237.0,658320.0,679976.0,705085.0,734243.0,766707.0,800456.0,832682.0,861373.0,885623.0,906034.0,924025.0,941774.0,960792.0,981764.0,1003995.0,1026009.0,1045629.0,1061468.0,1072927.0,1080930.0,1087392.0,1095053.0,1105873.0,1120514.0,1138434.0,1158897.0,1180675.0,1202843.0,1225258.0,1248158.0,1271456.0,1295097.0,1319011.0,1343098.0
140,Syria,8930774.0,9252851.0,9590227.0,9938847.0,10293049.0,10648632.0,11004272.0,11360852.0,11719071.0,12080444.0,12446171.0,12815219.0,13187085.0,13564167.0,13949697.0,14345492.0,14755286.0,15177456.0,15602210.0,16016092.0,16410848.0,16766899.0,17087901.0,17415266.0,17806638.0,18294611.0,18914977.0,19632806.0,20325443.0,20824893.0,21018834.0,20863993.0,20420701.0,19809141.0,19203090.0,18734987.0,18430453.0
141,Chad,4512042.0,4610167.0,4715197.0,4829094.0,4954046.0,5091535.0,5243006.0,5408087.0,5584339.0,5768086.0,5956859.0,6150081.0,6349089.0,6555603.0,6772133.0,7000722.0,7241134.0,7493251.0,7759258.0,8041846.0,8342559.0,8663012.0,9001689.0,9353201.0,9710043.0,10067009.0,10421597.0,10775708.0,11133861.0,11502786.0,11887202.0,12288651.0,12705135.0,13133589.0,13569438.0,14009413.0,14452543.0
142,Togo,2720839.0,2812039.0,2915066.0,3026238.0,3140237.0,3252994.0,3364020.0,3474080.0,3581928.0,3686373.0,3786940.0,3882271.0,3973327.0,4064926.0,4163642.0,4274024.0,4398238.0,4534551.0,4679023.0,4825704.0,4970367.0,5111770.0,5251472.0,5391401.0,5534598.0,5683268.0,5837792.0,5997385.0,6161796.0,6330472.0,6502952.0,6679282.0,6859482.0,7042948.0,7228915.0,7416802.0,7606374.0
143,Thailand,47385323.0,48337503.0,49267560.0,50186199.0,51108082.0,52041469.0,52996467.0,53964406.0,54912334.0,55795106.0,56582821.0,57258401.0,57837878.0,58364891.0,58901666.0,59491790.0,60151472.0,60863506.0,61597283.0,62306651.0,62958021.0,63543322.0,64073164.0,64554952.0,65002231.0,65425470.0,65824164.0,66195615.0,66545760.0,66881867.0,67208808.0,67530130.0,67843979.0,68143065.0,68416772.0,68657600.0,68863514.0
144,Tajikistan,3905413.0,4020778.0,4140258.0,4265247.0,4397525.0,4537789.0,4687283.0,4843951.0,5001110.0,5149803.0,5283728.0,5400714.0,5502976.0,5594114.0,5679832.0,5764712.0,5849540.0,5934282.0,6021691.0,6114886.0,6216205.0,6327125.0,6447688.0,6576877.0,6712841.0,6854176.0,7000557.0,7152385.0,7309728.0,7472819.0,7641630.0,7815949.0,7995062.0,8177809.0,8362745.0,8548651.0,8734951.0
145,Turkmenistan,2876808.0,2947779.0,3019066.0,3091511.0,3166221.0,3244018.0,3324456.0,3407319.0,3493894.0,3585867.0,3683966.0,3789185.0,3899843.0,4010789.0,4115099.0,4207840.0,4287344.0,4355114.0,4413477.0,4466132.0,4516131.0,4564080.0,4610002.0,4655741.0,4703398.0,4754641.0,4810105.0,4870137.0,4935762.0,5007950.0,5087210.0,5174061.0,5267839.0,5366277.0,5466241.0,5565284.0,5662544.0
146,Trinidad and Tobago,1085308.0,1102556.0,1120611.0,1138676.0,1155695.0,1170928.0,1184051.0,1195247.0,1204893.0,1213624.0,1221900.0,1229907.0,1237487.0,1244407.0,1250318.0,1255001.0,1258364.0,1260678.0,1262542.0,1264775.0,1267984.0,1272380.0,1277837.0,1284052.0,1290535.0,1296934.0,1303144.0,1309260.0,1315372.0,1321618.0,1328100.0,1334788.0,1341588.0,1348248.0,1354493.0,1360092.0,1364962.0
147,Tunisia,6368167.0,6545024.0,6733961.0,6930387.0,7127941.0,7321876.0,7509756.0,7692254.0,7871459.0,8050932.0,8232797.0,8417684.0,8603225.0,8784888.0,8956596.0,9113975.0,9256037.0,9384152.0,9499395.0,9603742.0,9699197.0,9785701.0,9864326.0,9939678.0,10017601.0,10102482.0,10196136.0,10298087.0,10407336.0,10521834.0,10639931.0,10761467.0,10886668.0,11014558.0,11143908.0,11273661.0,11403248.0
148,Turkey,43975921.0,44988356.0,46025357.0,47073422.0,48114105.0,49133883.0,50128489.0,51100878.0,52053704.0,52992429.0,53921699.0,54840531.0,55748875.0,56653729.0,57564132.0,58486381.0,59423208.0,60372499.0,61329590.0,62287326.0,63240121.0,64191474.0,65143054.0,66085803.0,67007855.0,67903406.0,68763405.0,69597281.0,70440032.0,71339185.0,72326914.0,73409455.0,74569867.0,75787333.0,77030628.0,78271472.0,79512426.0
149,United Republic of Tanzania,18683157.0,19277108.0,19891548.0,20524666.0,21173603.0,21836999.0,22511243.0,23198533.0,23909954.0,24660575.0,25459604.0,26315013.0,27219619.0,28149328.0,29070615.0,29960776.0,30811854.0,31635251.0,32451713.0,33291540.0,34178042.0,35117019.0,36105808.0,37149072.0,38249984.0,39410545.0,40634948.0,41923715.0,43270144.0,44664231.0,46098591.0,47570902.0,49082997.0,50636595.0,52234869.0,53879957.0,55572201.0
150,Uganda,12549540.0,12930209.0,13323332.0,13735271.0,14174470.0,14646624.0,15154521.0,15695411.0,16262533.0,16846090.0,17438907.0,18040438.0,18652889.0,19275422.0,19907634.0,20550291.0,21202118.0,21865931.0,22551789.0,23272995.0,24039274.0,24854892.0,25718048.0,26624820.0,27568436.0,28543940.0,29550662.0,30590487.0,31663896.0,32771895.0,33915133.0,35093648.0,36306796.0,37553726.0,38833338.0,40144870.0,41487965.0
151,Ukraine,49968812.0,50221000.0,50384000.0,50564000.0,50754000.0,50917000.0,51097000.0,51293000.0,51521000.0,51773000.0,51892000.0,52000470.0,52150266.0,52179210.0,51921041.0,51512299.0,51057189.0,50594105.0,50143939.0,49673350.0,49175848.0,48683865.0,48202500.0,47812950.0,47451600.0,47105150.0,46787750.0,46509350.0,46258200.0,46053300.0,45870700.0,45706100.0,45593300.0,45489600.0,45271947.0,45154029.0,45004645.0
152,Uruguay,2915778.0,2935036.0,2954282.0,2973463.0,2992645.0,3011908.0,3031038.0,3049966.0,3069099.0,3088984.0,3109989.0,3132050.0,3154855.0,3178155.0,3201607.0,3224804.0,3248035.0,3271010.0,3292138.0,3309318.0,3321245.0,3327103.0,3327773.0,3325637.0,3324096.0,3325612.0,3331043.0,3339741.0,3350824.0,3362755.0,3374415.0,3385624.0,3396777.0,3408005.0,3419546.0,3431552.0,3444006.0
153,United States of America,227225000.0,229466000.0,231664000.0,233792000.0,235825000.0,237924000.0,240133000.0,242289000.0,244499000.0,246819000.0,249623000.0,252981000.0,256514000.0,259919000.0,263126000.0,266278000.0,269394000.0,272657000.0,275854000.0,279040000.0,282162411.0,284968955.0,287625193.0,290107933.0,292805298.0,295516599.0,298379912.0,301231207.0,304093966.0,306771529.0,309348193.0,311663358.0,313998379.0,316204908.0,318563456.0,320896618.0,323127513.0
154,Uzbekistan,15939744.0,16363562.0,16790069.0,17221212.0,17659975.0,18108300.0,18565477.0,19029877.0,19501225.0,19979127.0,20510000.0,20952000.0,21449000.0,21942000.0,22377000.0,22785000.0,23225000.0,23667000.0,24051000.0,24311650.0,24650400.0,24964450.0,25271850.0,25567650.0,25864350.0,26167000.0,26488250.0,26868000.0,27302800.0,27767400.0,28562400.0,29339400.0,29774500.0,30243200.0,30757700.0,31298900.0,31847900.0
155,Venezuela,15343916.0,15761799.0,16185894.0,16617346.0,17057785.0,17508059.0,17968552.0,18437794.0,18912526.0,19388342.0,19861956.0,20332079.0,20799075.0,21263443.0,21726352.0,22188667.0,22650102.0,23110178.0,23569454.0,24028689.0,24488340.0,24948476.0,25408700.0,25868523.0,26327225.0,26784161.0,27239168.0,27691965.0,28141701.0,28587323.0,29028033.0,29463291.0,29893080.0,30317848.0,30738378.0,31155134.0,31568179.0
156,Vietnam,54372514.0,55627746.0,56931824.0,58277387.0,59653090.0,61049373.0,62459560.0,63881297.0,65313708.0,66757402.0,68209605.0,69670902.0,71130448.0,72560427.0,73925082.0,75198977.0,76372719.0,77453335.0,78452897.0,79391374.0,80285562.0,81139919.0,81956496.0,82747662.0,83527678.0,84308843.0,85094617.0,85889590.0,86707801.0,87565407.0,88472512.0,89436644.0,90451881.0,91497725.0,92544915.0,93571567.0,94569072.0
157,Vanuatu,115632.0,118580.0,121435.0,124249.0,127092.0,130027.0,133038.0,136125.0,139366.0,142849.0,146634.0,150778.0,155243.0,159814.0,164208.0,168235.0,171801.0,174999.0,178078.0,181345.0,185063.0,189290.0,193956.0,198964.0,204143.0,209370.0,214634.0,219953.0,225340.0,230785.0,236295.0,241871.0,247485.0,253142.0,258850.0,264603.0,270402.0
158,Yemen,8120497.0,8434017.0,8764621.0,9111097.0,9472170.0,9847899.0,10232733.0,10628585.0,11051504.0,11523267.0,12057039.0,12661614.0,13325583.0,14017239.0,14692686.0,15320653.0,15889449.0,16408954.0,16896210.0,17378098.0,17874725.0,18390135.0,18919179.0,19462086.0,20017068.0,20582927.0,21160534.0,21751605.0,22356391.0,22974929.0,23606779.0,24252206.0,24909969.0,25576322.0,26246327.0,26916207.0,27584213.0
159,South Africa,29760471.0,30532954.0,31330259.0,32139708.0,32943584.0,33730148.0,34490419.0,35230249.0,35970537.0,36740883.0,37560525.0,38437855.0,39360225.0,40300161.0,41218901.0,42088165.0,42898520.0,43657024.0,44372112.0,45058775.0,45728315.0,46385006.0,47026173.0,47648727.0,48247395.0,48820586.0,49364582.0,49887181.0,50412129.0,50970818.0,51584663.0,52263516.0,52998213.0,53767396.0,54539571.0,55291225.0,56015473.0
160,Zambia,5889230.0,6094206.0,6305709.0,6521542.0,6738765.0,6955212.0,7170656.0,7385686.0,7600072.0,7813808.0,8027253.0,8239732.0,8452275.0,8669168.0,8896109.0,9137077.0,9394304.0,9666578.0,9950224.0,10239714.0,10531221.0,10824125.0,11120409.0,11421984.0,11731746.0,12052156.0,12383446.0,12725974.0,13082517.0,13456417.0,13850033.0,14264756.0,14699937.0,15153210.0,15620974.0,16100587.0,16591390.0
161,Zimbabwe,7164172.0,7431940.0,7721536.0,8027565.0,8342195.0,8658857.0,8976205.0,9293283.0,9604302.0,9902540.0,10183113.0,10443043.0,10682868.0,10905756.0,11116948.0,11320346.0,11518262.0,11709997.0,11893272.0,12064537.0,12222251.0,12366165.0,12500525.0,12633897.0,12777511.0,12940032.0,13124267.0,13329909.0,13558469.0,13810599.0,14086317.0,14386649.0,14710826.0,15054506.0,15411675.0,15777451.0,16150362.0
